{"cameraMode":{"drawMode":0,"name":"Shaded","section":"Shading Mode"},"sceneLighting":true,"audioPlay":false,"sceneViewState":{"showFog":true,"showMaterialUpdate":false,"showSkybox":true,"showFlares":true,"showImageEffects":true,"showParticleSystems":true},"in2DMode":false,"pivot":{"x":0.8015025854110718,"y":-4.016256332397461,"z":2.2253074645996095},"rotation":{"x":-0.3943023383617401,"y":-0.002208439400419593,"z":0.0009475123952142894,"w":-0.9189784526824951},"size":28.13083267211914,"orthographic":false}